subject_id,hadm_id,ethnicity,insurance,diagnosis
10006,142345,BLACK/AFRICAN AMERICAN,Medicare,SEPSIS
10011,105331,UNKNOWN/NOT SPECIFIED,Private,HEPATITIS B
10013,165520,UNKNOWN/NOT SPECIFIED,Medicare,SEPSIS
10017,199207,WHITE,Medicare,HUMERAL FRACTURE
10019,177759,WHITE,Medicare,ALCOHOLIC HEPATITIS
10026,103770,WHITE,Medicare,STROKE/TIA
10027,199395,WHITE,Medicare, MITRAL REGURGITATION;CORONARY ARTERY DISEASE\CORONARY ARTERY BYPASS GRAFT WITH MVR  ? MITRAL VALVE REPLACEMENT /SDA
10029,132349,WHITE,Medicare,SYNCOPE;TELEMETRY
10032,140372,WHITE,Medicare,RIGHT HUMEROUS FRACTURE
10033,157235,WHITE,Medicare,RENAL FAILIURE-SYNCOPE-HYPERKALEMIA
10035,110244,WHITE,Medicare,"RECURRENT LEFT CAROTID STENOSIS,PRE HYDRATION"
10036,189483,WHITE,Medicare,SEPSIS
10038,111115,WHITE,Medicare,FAILURE TO THRIVE
10040,157839,UNKNOWN/NOT SPECIFIED,Medicare,PULMONARY EDEMA\CATH
10042,148562,WHITE,Medicare,UNSTABLE ANGINA
10043,168674,WHITE,Medicare,RESPIRATORY DISTRESS
10044,124073,UNKNOWN/NOT SPECIFIED,Medicare,METASTATIC MELANOMA;BRAIN METASTASIS
10045,126949,WHITE,Medicare,FEVER
10046,133110,WHITE,Medicaid,BRAIN METASTASES
10056,100375,WHITE,Medicare,SEPSIS
10059,142582,WHITE,Medicare,VARICEAL BLEED
10059,122098,WHITE,Medicare,LOWER GI BLEED
10061,145203,WHITE,Medicare,CHEST PAIN/ CATH
10064,111761,WHITE,Medicare,SUBDURAL HEMATOMA/S/P FALL
10065,183314,WHITE,Private,ESOPHAGEAL CANCER/SDA
10067,160442,OTHER,Private,S/P MOTORCYCLE ACCIDENT
10069,146672,UNKNOWN/NOT SPECIFIED,Medicaid,SEIZURE
10074,170119,WHITE,Medicare,GASTROINTESTINAL BLEED
10076,198503,ASIAN,Medicare,LUNG CANCER;SHORTNESS OF BREATH
10083,134993,WHITE,Medicare,HYPOTENSION
10088,169938,WHITE,Medicare,SEPSIS;PNEUMONIA;TELEMETRY
10088,168233,WHITE,Medicare,CONGESTIVE HEART FAILURE
10088,149044,WHITE,Private,UROSEPSIS
10089,190301,WHITE,Medicare,BASAL GANGLIN BLEED
10090,176805,WHITE,Private,OVERDOSE
10093,165393,WHITE,Medicare,CRITICAL AORTIC STENOSIS/HYPOTENSION
10094,168074,BLACK/AFRICAN AMERICAN,Medicare,HYPOTENSION;TELEMETRY
10094,122928,BLACK/AFRICAN AMERICAN,Medicare,SEPSIS;TELEMETRY
10098,180685,OTHER,Private,STATUS POST MOTOR VEHICLE ACCIDENT WITH INJURIES
10101,142539,WHITE,Government,TACHYPNEA;TELEMETRY
10102,164869,WHITE,Medicare,CHRONIC MYELOGENOUS LEUKEMIA;TRANSFUSION REACTION
10104,177678,ASIAN,Medicare,HYPONATREMIA;URINARY TRACT INFECTION
10106,133283,WHITE,Private,HEADACHE
10111,174739,BLACK/AFRICAN AMERICAN,Medicare,CONGESTIVE HEART FAILURE
10112,188574,WHITE,Medicare,VF ARREST 
10114,167957,UNKNOWN/NOT SPECIFIED,Private,"PULMONARY EDEMA, MI"
10117,187023,UNKNOWN/NOT SPECIFIED,Private,FEVER
10117,105150,UNKNOWN/NOT SPECIFIED,Private,FEVER
10119,157466,WHITE,Medicare,ACUTE CHOLECYSTITIS
10119,165436,WHITE,Medicare,GASTROINTESTINAL BLEED
10120,193924,UNKNOWN/NOT SPECIFIED,Medicaid,LIVER FAILURE
10124,182664,WHITE,Medicare,LEFT HIP FRACTURE
10124,170883,WHITE,Medicare,CONGESTIVE HEART FAILURE
10126,160445,WHITE,Private,LIVER FAILURE
10127,182839,WHITE,Private,S/P MOTOR VEHICLE ACCIDENT
10130,156668,UNKNOWN/NOT SPECIFIED,Private,ABSCESS
10132,197611,WHITE,Medicare,NON SMALL CELL CANCER;HYPOXIA
40124,126179,WHITE,Medicare,SHORTNESS OF BREATH
40124,146893,WHITE,Medicare,PNEUMONIA
40177,198480,WHITE,Medicare,ACUTE CHOLANGITIS
40204,175237,BLACK/AFRICAN AMERICAN,Medicare,FEVER;URINARY TRACT INFECTION
40277,127703,WHITE,Medicare,SYNCOPE;TELEMETRY;INTRACRANIAL HEMORRHAGE
40286,109698,WHITE,Medicare,LEFT HIP OA/SDA
40304,174997,WHITE,Medicare,MEDIASTINAL ADENOPATHY
40310,186361,WHITE,Private,FACIAL NUMBNESS
40310,157609,WHITE,Medicaid,AROMEGLEY;BURKITTS LYMPHOMA
40456,161765,WHITE,Medicare,PNEUMONIA
40503,168803,WHITE,Medicare,STEMI;
40595,116518,WHITE,Medicare,TRACHEAL ESOPHAGEAL FISTULA
40601,182879,WHITE,Private,SEPSIS
40612,104697,HISPANIC OR LATINO,Medicare,CHOLECYSTITIS
40655,126002,WHITE,Medicare,CELLULITIS
40687,129273,WHITE,Medicare,ABDOMINAL PAIN
41795,138132,WHITE,Medicare,ASTHMA;CHRONIC OBST PULM DISEASE
41795,118192,WHITE,Medicare,ASTHMA;CHRONIC OBST PULM DISEASE
41914,101361,WHITE,Medicare,ELEVATED LIVER FUNCTIONS;S/P LIVER TRANSPLANT
41976,125449,HISPANIC/LATINO - PUERTO RICAN,Medicare,PNEUMONIA
41976,173269,HISPANIC/LATINO - PUERTO RICAN,Medicare,HYPOTENSION;UNRESPONSIVE
41976,176016,HISPANIC/LATINO - PUERTO RICAN,Medicare,SEPSIS
41976,172082,HISPANIC/LATINO - PUERTO RICAN,Medicare,PNEUMONIA
41976,152032,HISPANIC/LATINO - PUERTO RICAN,Medicare,PNEUMONIA
41976,130681,HISPANIC/LATINO - PUERTO RICAN,Medicare,FEVER
41976,180546,HISPANIC/LATINO - PUERTO RICAN,Medicare,SEPSIS
41976,174863,HISPANIC/LATINO - PUERTO RICAN,Medicare,URINARY TRACT INFECTION;PYELONEPHRITIS
41976,125013,HISPANIC/LATINO - PUERTO RICAN,Medicare,SEPSIS
41976,155297,HISPANIC/LATINO - PUERTO RICAN,Medicare,SEPSIS; UTI
41976,179418,HISPANIC/LATINO - PUERTO RICAN,Medicare,PNEUMONIA
41976,151798,HISPANIC/LATINO - PUERTO RICAN,Medicare,UTI/PYELONEPHRITIS
41976,145024,HISPANIC/LATINO - PUERTO RICAN,Medicare,RESPIRATORY DISTRESS
41976,149469,HISPANIC/LATINO - PUERTO RICAN,Medicare,SEPSIS
41976,153826,HISPANIC/LATINO - PUERTO RICAN,Medicare,SEPSIS
41983,107689,WHITE,Medicare,S/P FALL
42033,154156,WHITE,Medicare,SHORTNESS OF BREATH
42066,171628,WHITE,Private,TRACHEAL STENOSIS
42075,151323,UNABLE TO OBTAIN,Medicare,INFERIOR MYOCARDIAL INFARCTION\CATH
42135,102203,AMERICAN INDIAN/ALASKA NATIVE FEDERALLY RECOGNIZED TRIBE,Medicaid,FAILURE TO THRIVE
42135,117105,AMERICAN INDIAN/ALASKA NATIVE FEDERALLY RECOGNIZED TRIBE,Medicaid,HEPATIC ENCEP
42199,178513,WHITE,Medicare,CHEST PAIN
42231,171878,WHITE,Medicare,RENAL CANCER/SDA
42275,128293,WHITE,Medicare,SHORTNESS OF BREATH
42281,195911,HISPANIC OR LATINO,Medicare,UPPER GI BLEED
42292,138503,WHITE,Private,PNEUMONIA/HYPOGLCEMIA/SYNCOPE
42302,167754,WHITE,Medicare,ASTHMA/COPD FLARE
42321,114648,OTHER,Medicare,FAILURE TO THRIVE
42346,180391,WHITE,Medicare,PNEUMONIA
42346,175880,WHITE,Medicare,VOLVULUS
42367,139932,WHITE,Medicare,SEIZURE;STATUS EPILEPTICUS
42412,114867,WHITE,Medicare,HYPOGLYCEMIA
42430,100969,WHITE,Medicare,CEREBROVASCULAR ACCIDENT
42458,159647,WHITE,Medicare,PNEUMONIA
43735,112662,WHITE,Medicare,HYPOTENSION
43746,167181,WHITE,Medicare,METASTIC MELANOMA;ANEMIA
43748,121860,WHITE,Medicare,"HYPOTENSION, RENAL FAILURE"
43779,186071,WHITE,Medicare,ACUTE SUBDURAL HEMATOMA
43798,130870,WHITE,Private,ESOPHAGEAL CA/SDA
43827,149950,UNKNOWN/NOT SPECIFIED,Medicare,MI CHF
43870,142633,WHITE,Medicare,STROKE/TIA
43879,158100,BLACK/AFRICAN AMERICAN,Medicare,PLEURAL EFFUSION
43881,172454,WHITE,Private,ACUTE PULMONARY EMBOLISM
43881,167021,WHITE,Private,UPPER GI BLEED
43909,167612,WHITE,Medicare,PNEUMONIA;TELEMETRY
43927,110958,WHITE,Medicare,CORONARY ARTERY DISEASE\CORONARY ARTERY BYPASS GRAFT /SDA
44083,125157,WHITE,Private,ESOPHAGEAL CA/SDA
44083,131048,WHITE,Private,SHORTNESS OF BREATH
44083,198330,WHITE,Private,PERICARDIAL EFFUSION
44154,174245,WHITE,Medicare,ALTERED MENTAL STATUS
44212,163189,BLACK/AFRICAN AMERICAN,Medicare,ACUTE RESPIRATORY DISTRESS SYNDROME;ACUTE RENAL FAILURE
44222,192189,WHITE,Medicare,BRADYCARDIA
44228,103379,WHITE,Private,CHOLANGITIS